,0,1
0,brand,501468
1,country/region of manufacture,177285
2,inseam,350032
3,style,248037
4,size type,501473
5,wash,168670
6,bottoms size women's,501154
7,rise,259841
8,material,353457
9,country of manufacture,4555
10,bottoms size women\\'s,216
11,color,288977
12,gloria vanderbilt sz 12 jeans,1
13,country//region of manufacture,661
14,silhouette,196127
15,upc,6990
16,garment care,75634
17,features,132717
18,accents,53004
19,mpn,36681
20,length,148680
21,modified item,82411
22,pattern,96867
23,wash name,18
24,fit,1005
25,treatment,158858
26,model,71593
27,rise length,74
28,"34""""; inseam",1
29,modification description,3449
30,wash and effects,1
31,rise measurement,1850
32,measurement waist-waist,30
33,rise from top-middle of crotch,1
34,measurement all around inside waist,29
35,bottoms size men's,705
36,waist,4520
37,please see measurements for fit,1
38,front style,493
39,occasion,1328
40,belt loops,5
41,closure,1107
42,theme,441
43,pockets,62
44,8-10  waist,1
45,sku,676
46,california prop 65 warning,1329
47,exact material,611
48,measurement top waist-middle of crotch,3
49,gender,1127
50,size,5649
51,special feature,3
52,more information,1
53,special design,2
54,rise top waist-middle of crotch,7
55,colors,213
56,objet modified,17
57,manufacturer,309
58,waist measurement in lying flat,18
59,leg opening measurement in flat,16
60,inseam measurement in,18
61,total length measurement in,12
62,rise measurement in front,16
63,shipping exclusion,6
64,ean,570
65,inside leg,879
66,trouser size,593
67,sleeve length,292
68,sleeve style,15
69,rrp,25
70,colour,333
71,code,51
72,garmen care,15
73,main colour,365
74,inseam inch,11
75,inseam cm,10
76,measurements approximately cm,4
77,measurements approximately inch,4
78,waist size,1468
79,leg opening,2278
80,denim,56
81,stock,76
82,size women's,980
83,denim trends,202
84,type,159
85,pocket number & placement,6
86,fly type,38
87,inventory,525
88,9,1
89,measured size,5738
90,sub-style,129
91,style name,289
92,department,242
93,isbn,228
94,binding,210
95,cleaning instructions,5
96,country manufactured,199
97,material composition,2235
98,measurement rise,10
99,cut or fit on labels,20
100,"9.5"""" inseam",1
101,cut number,20
102,leg width,4
103,ca number,3
104,style number,359
105,rn number,22
106,rise from top of pants to middle crotch,3
107,measurement all around inside of waist,4
108,cut #,53
109,style #,347
110,hips,2236
111,waist measurement,420
112,inseam measurement,142
113,measured inside leg,569
114,measured waist,1613
115,additional information,568
116,additional measurements,574
117,front rise,749
118,inventory number,72
119,detailed description,7
120,"rinse,treatment",9
121,length of pants on outer seam,5
122,waist circumference around,5
123,model color,1
124,shade,861
125,2% elastane. fringe,1
126,size men's,29
127,hem seam to seam,2
128,rise 2,1
129,bottomssizewomen's,15
130,pocket,128
131,approximate measurements,11
132,retail value,19
133,bottoms size womens,40
134,store item#,10
135,print,215
136,care instructions,52
137,really stylish camo pants,1
138,actual rise,257
139,front rise in inches,9
140,number,14
141,pants pockets,3
142,fast fulfillment,6
143,front closure,25
144,msrp,65
145,measurement laying flat waist-waist,3
146,id number,8
147,rise top-middle of crotch,4
148,pant leg width,1
149,tag size,695
150,waist laying flat,79
151,leg opening laying flat,47
152,fly closure,4
153,rise measures,59
154,waist measures,10
155,leg cuff opening measures,2
156,2 + back,1
157,details,35
158,original/reproduction,61
159,productgroup,135
160,fabric technology,11
161,size usa,2
162,usa size,2
163,measured cuff opening,583
164,label fit,399
165,measured rise,1004
166,measured inseam,990
167,fabric content,787
168,approx. inseam,7
169,location,167
170,across thigh,1
171,length across cuff,1
172,closure type,110
173,rise 1,4
174,package dimensions,60
175,item model number,56
176,shipping weight,75
177,fastening,47
178,manufacturer cut #,1
179,manufacturer style #,1
180,manufacturer color,89
181,use,2
182,camo pattern,1
183,number of pockets,2
184,season,354
185,hip,349
186,style#,68
187,color code,12
188,ca #,5
189,hip measurement,200
190,style 1,9
191,total length,277
192,feature,42
193,rise in inches,120
194,hips in inches,14
195,waist in inches,57
196,item condition,35
197,lister,31
198,tct item id,31
199,actual waist measurement,726
200,actual front rise measurement,168
201,actual hip measurement,116
202,actual leg opening measurement,165
203,waist measurements,81
204,product line,204
205,look,67
206,title,11
207,levi's style,9
208,12/us,5
209,exact length,164
210,"rise, in inches",1
211,waist across front,2
212,label,75
213,product type,50
214,pants front type,28
215,back rise,107
216,wf101cdl,1
217,paige premium denim,30
218,character family,4
219,main color,227
220,ankle width,7
221,outseam,136
222,waist measured across then doubled,1
223,stock number,3
224,garment type,44
225,cut,82
226,official color,2
227,lc,2
228,hip range,5
229,sized by,3
230,j brand,7
231,leg style,17
232,levis skinny,2
233,custom1,117
234,item material,79
235,collection,13
236,exact size chart,1
237,tag,32
238,approximate rise measurement,4
239,7fam coh rockrevival express republic,1
240,citizens of humanity ag bke flying,1
241,cult of individuality true religion,1
242,guess chanel spagnoli paige versace dior,1
243,lucky paper denim cloth silver hermes,1
244,robins fear of god republic big star,1
245,waist measurement laid flat,2
246,fly,1350
247,material content,1245
248,inventory #,254
249,rn,32
250,material specifics,8
251,design features,181
252,shipping information,7
253,manufactured by,1
254,dark wash straight,3
255,retail price,75
256,beautiful jeans,1
257,former rental,1
258,sc,50
259,31 inseam,1
260,overall condition,50
261,hips measured,82
262,waist measured,108
263,rise measured,213
264,waist relaxed - pulled tight,73
265,hips relaxed - pulled tight,71
266,manufacture date,3
267,jacket length,96
268,offer,90
269,p327202s-202s,1
270,modified,1
271,622805-00,1
272,fabric,106
273,shop,30
274,us shoe size men's,17
275,width,20
276,zipper length,14
277,508510,1
278,color dominant,45
279,returns,20
280,free shipping,12
281,fast shipping,12
282,design feature,7
283,wash instructions,35
284,"denim thickness-light, medium, heavy",2
285,heavy,18
286,26 1,1
287,style no,8
288,care,30
289,approximate measured size,1
290,dojo,1
291,alina ankle,1
292,manufacture color,2
293,waist flat,35
294,sloan,1
295,product feature 3,6
296,product feature 4,6
297,product feature 1,14
298,product feature 2,12
299,seller item #,1
300,material 2,6
301,917,1
302,listing code,33
303,seller notes,25
304,515,3
305,waist - side to side across,2
306,outside seam,5
307,hips - side to side across,2
308,non-domestic product,14
309,custom bundle,15
310,year,6
311,brand features,2
312,brand 2,29
313,505,3
314,item number,104
315,mfg shade,10
316,mfg style,6
317,"21"""" front rise",1
318,publisher,63
319,measure of leg at knee laid flat,13
320,measure of hem laid flat,12
321,rise measured top to crotch,11
322,outseam measured from belt top to hem,5
323,measure of thigh laid flat,12
324,measure of belt/waist laid flat,11
325,era,5
326,actual measurements,526
327,prop 65 warning,11
328,rise 9.5,7
329,fraying on heels,1
330,low rise,2
331,hps,37
332,measurements,180
333,rise height,59
334,see item description,5
335,model #,2
336,decade,42
337,rise 9,7
338,re 42000,1
339,sku#,82
340,jean rise,3
341,zipper,18
342,color 2,1
343,authenticity,57
344,item type,19
345,women's casual,3
346,stretch,62
347,aeo,1
348,waist across,17
349,leg opening measurement,98
350,faded,1
351,inner pocket liners shows signs of wear,1
352,tip of rear top corner of left and right,1
353,hips measurement,24
354,calif. prop 65 warning,11
355,99% cotton 1% spandex,2
356,material blend,24
357,exact colour,26
358,w,3
359,leg length,25
360,26/l,1
361,lee,1
362,this style can run big,1
363,factory distressing,3
364,stretch denim,42
365,waist approximate measurement,1
366,cotton poly spandex,2
367,view all photos.,2
368,center fade,2
369,relaxed straight jean,2
370,hudson,21
371,joes jeans for womens,19
372,rise inches,90
373,womens jeans,4
374,no free shipping,1
375,coated,1
376,tax,6
377,we respond to messages in,1
378,customer service,3
379,hurry up and order,1
380,money back,3
381,image is for illustration purp,1
382,item,22
383,quality,1
384,satisfaction,1
385,seller,1
386,shipping,11
387,dl1961,3
388,hudson jeans,11
389,ag jeans adriano goldschmied,8
390,javascript,5
391,compare to msrp,2
392,high rise distressed jeans size 2,1
393,important,619
394,essential,1
395,rise 8,8
396,womens  blue jeans size 8,1
397,womens 1822 denim blue jeans size 8,1
398,machine washable,17
399,mid rise,7
400,waist to hem,22
401,description 1,29
402,description 2,25
403,eur size,5
404,diamond rhinestones,1
405,thigh,40
406,starched,1
407,measured length,1
408,description 3,15
409,hips ~flat across~ double # inches,1
410,waist ~flat across~ double # inches,1
411,armpit to armpit ~ laying flat~inches,1
412,inseam inches,6
413,length ~shoulder to hem~ inches,1
414,textile care,5
415,100% leather/back,1
416,for actual measurements,14
417,exact fabric/material,27
418,embellishment,8
419,detail,8
420,measured hips,22
421,id store,32
422,crotch to outseam,3
423,leg ends,3
424,chico's size,32
425,vintage,11
426,across waist,37
427,length measurement,18
428,fabric weight & type,1
429,actual waist size,37
430,exact fabric,6
431,tint,6
432,inv,41
433,partnumber,71
434,actual waist,238
435,actual hips,55
436,actual inseam,216
437,note,24
438,ebaycondition,186
439,guess style,2
440,"inseam 32""""",1
441,included,2
442,warning,12
443,inseam in inches,50
444,classic rise,1
445,size choice,4
446,riseinches,1
447,model name,2
448,cuffs opening,2
449,rise measurements,10
450,outseam total length,9
451,bottom leg width,4
452,type of lock,6
453,dress type,2
454,dress length,5
455,inseam length,16
456,waist rear,1
457,waist across back,1
458,releasedate,5
459,marilyn straight,2
460,id # personal use,2
461,rise  in  inches,1
462,waist  in  inches,1
463,"waist""""",33
464,the rise,136
465,style no.,28
466,measurement - waist,6
467,measurement - rise,6
468,measurement - inseam,7
469,measurement - leg opening,2
470,true blue,1
471,x-1,12
472,bottom closure,42
473,front rise measured from belt to crotch,7
474,leg at hem measured laid flat,6
475,leg at knee measured laid flat,6
476,leg at thigh measured laid flat,6
477,measure of waist at belt laid flat,6
478,rear rise measured from belt to crotch,6
479,colour wash,1
480,sizemen's,5
481,sizewomen's,10
482,ships from,21
483,6/us,9
484,10/us,6
485,this product may contain chemicals known to the state of california to cause cancer and birth defects or other reproductive harm. california law requires this warning to be given to customers in the state of california.  for more information,10
486,retail,18
487,internal,1
488,rise  inches,3
489,waist  inches,3
490,hips  inches,3
491,joe's jeans fit,1
492,loc,18
493,bin #,8
494,lola fob,8
495,pants,7
496,embroidered pockets,7
497,5 pocket,8
498,control mesh,8
499,pant rise,5
500,pant length,1
501,inv #,18
502,actual measurements;,31
503,age group,43
504,wash #,3
505,closures,4
506,sharp looking jeans with logo on back,1
507,model is wearing a size 3,3
508,rn#,36
509,color #,2
510,shade #,2
511,ca#,8
512,jean wash,56
513,pant cut,55
514,authentication,1
515,featured graphics,16
516,special size,11
517,neckline,9
518,upcycling,1
519,pants length,7
520,cup size,27
521,pants pattern,7
522,pants style,7
523,product id type,7
524,jeans features,7
525,pants features,7
526,seller id,23
527,across hips,27
528,diesel size,8
529,lining,37
530,inventory code,172
531,model number,63
532,pictures of model are for reference only,1
533,waist measurement flat,44
534,high rise,8
535,waist actual,29
536,special,7
537,sarah jessica parker,1
538,mean colour,491
539,"32"""" extra  small size",1
540,size womens,32
541,manufacturer part number,45
542,description of modification,13
543,article modified,89
544,styles,77
545,destroyed,4
546,cleaning,60
547,drying,64
548,actual fabric content,4
549,26  ita,2
550,model no.,4
551,subtype,3
552,weight,84
553,new,13
554,model jeans,3
555,ankle,28
556,item #,151
557,marked size,5
558,color specific,13
559,material detail,12
560,measurement pants,3
561,"waist laying flat 13.5""""",1
562,lift tuck technology,10
563,slims you,10
564,not your daughter's jeans,4
565,comfortable travel jeans,4
566,travel pants,4
567,actual measurments laying flat,4
568,inseam actual,32
569,outer length,5
570,nwt,15
571,cuff,65
572,jeans rise,3
573,country of origin,14
574,po,1
575,waist & cuffs have been professionally hemmed to bring in waist gap and make into a very nice pair of capri jeans!,1
576,across waist lying flat,4
577,high waist,12
578,not your daughter's jean,6
579,athleta specific shade,5
580,year manufactured,4
581,unique id,392
582,condition details,4
583,original retail price,43
584,stye no.,8
585,euro size,3
586,botton cuff width,1
587,zipper/button actual,1
588,rise actual,4
589,hips actual,1
590,country////////////////region of manufacture,1
591,distressed,8
592,womens size 12 boot cut jeans,1
593,product,6
594,team,4
595,5 pockets jeans style,1
596,inseam actual measurements,2
597,rise actual measurements,2
598,waist  actual measurements,2
599,hem actual measurements,2
600,substyle,34
601,front rise measurement,84
602,label size,7
603,measurements of items,7
604,faye,1
605,bootcut,3
606,siren metallic,1
607,pocket style,2
608,extra,34
609,label reads,1
610,store #,16
611,marlow,1
612,designer/brand,4
613,polo jeans,1
614,obsolete item,1
615,notes,2
616,tight - flat across,1
617,waist - flat across,2
618,rise - flat across,1
619,hip - flat across,2
620,leg opening - flat across,1
621,colors of items vary,9
622,measurements provided,2
623,our no.,6
624,pocket_description,1
625,hips seam to seam,92
626,closlure,1
627,measurement of rise,16
628,cabi item name,16
629,cabi item number,17
630,measured differently,3
631,storage location,43
632,store item #,46
633,feature 2,8
634,feature 6,3
635,feature 5,3
636,feature 4,3
637,feature 3,4
638,feature 1,9
639,clothingsize,38
640,dimensions,49
641,my location information,23
642,store,2
643,style name/number,37
644,front rise measurements,47
645,hip measurements,47
646,custom detail,49
647,storage#,16
648,rn52002,1
649,original selling price,2
650,sps,1
651,sizetype,20
652,medium wash,2
653,mossimo denim jeans,1
654,9/lo,2
655,bottoms size 1women's,1
656,manufacturing,1
657,seafoam green sea foam,1
658,depending on your height,1
659,"front rise 13""""",1
660,hips laying flat,41
661,rn #,18
662,9; hand measured waist,1
663,waist per measurements,2
664,84% cotton/11% polyester/5% spandex care,1
665,7fam,2
666,us shoe size women's,17
667,exact rise,24
668,waist hip front back rise ins,24
669,waist hip front back rise,2
670,box,59
671,#184 / faye,1
672,pre & post season,1
673,league name,1
674,bag 1,3
675,zipper fly,2
676,rise approx flat lay inches,11
677,measured,4
678,storage code,36
679,keywords,22
680,seller inventory note,7
681,cotton; trim,6
682,studio,12
683,spandex,7
684,cuff width,3
685,stock # 843,1
686,numberofitems,9
687,deparment,5
688,or other reproductive harm. add details about the warning you want to show california buyers. we'll add a warning symbol and the word 'warning,4
689,medium / color,2
690,flat lay size,18
691,length top seam to bottom cuff,2
692,waist - flat then doubled,1
693,cowgirl cut~cash,1
694,size type_child_id,15
695,restriction,7
696,cut # 603695 label,1
697,low waist,2
698,vendor description,4
699,length from waist to hem,3
700,design number,3
701,design,8
702,id,7
703,waist - 25 inches,1
704,pant leg opening,12
705,color name,14
706,actual size,12
707,cuffed capri denim jeans,1
708,mfg color,3
709,insulation,1
710,warmth,1
711,measured bottom seam laid flat,18
712,rn 89828,1
713,30,2
714,mod. daze l 34,1
715,garment name,2
716,brand style,4
717,knee,14
718,msrp price tag,35
719,waist approx flat lay inches,10
720,full length,16
721,leg taper flare,1
722,apt 9 womens skinny leg jeans,1
723,original retail,8
724,measured waist/inseam,42
725,special fit notes,94
726,color detail,152
727,colr detail,1
728,rise back,33
729,rise front,34
730,county manufactured,3
731,descripiton 1,3
732,descripiton 2,4
733,lock type,7
734,area,2
735,22/us,3
736,8/us,7
737,decorations,1
738,other,30
739,destroyed & painted on look,2
740,standard_size,17
741,leg open,1
742,approx measurements,1
743,length type,1
744,waist when laying flat,1
745,bottoms size tag,1
746,length x waist x rise,36
747,embroidered,5
748,important notice.,8
749,listed by,36
750,6/uk,1
751,ca,11
752,actual measured inseam size,5
753,actual measured waist size,5
754,cuff opening width measurement,5
755,measured hip size,5
756,style code #,4
757,cut code #,2
758,style details,3
759,fabric details,2
760,please note,10
761,material per label,5
762,qvc item #,1
763,returns accepted,4
764,jeans name,2
765,vintage indicators,5
766,inseam type,1
767,clothing size,8
768,specialties,2
769,top rated ebay seller with over,14
770,##,41
771,#c,24
772,https,2
773,actual material content,10
774,leg bells,1
775,material compostion,3
776,overall lenght,2
777,article num,8
778,shelf id number,30
779,inseam measurments,1
780,front top to,1
781,overalls,1
782,overallalls,1
783,top to botton,1
784,measure,2
785,additional vintage indicators,2
786,band size,9
787,corduroy,7
788,reseller branding,9
789,in stock,2
790,additional size,1
791,these jeans are not white,2
792,crop,12
793,matchstick,2
794,character / studio,1
795,grade,12
796,made in,18
797,after market hem - y/n,6
798,waist measurement laying flat,16
799,special detail,1
800,mgf color,1
801,manufacturer style number,1
802,cn #,1
803,sizing,1
804,cuffs,4
805,colors include,1
806,waist with item laying flat,1
807,all items are from a,1
808,misc,5
809,"7"""" inseam",4
810,we love to combine shipping,10
811,nydj style #,1
812,st#,2
813,cut#,16
814,actual,11
815,riders jeans,1
816,buttery soft stretch denim,1
817,ankle length,2
818,style code,11
819,combined shipping,12
820,"10"""" inseam",2
821,country/region of manufacturer,4
822,"11""""",1
823,style# bkc1135r,1
824,"9"""" inseam",6
825,urban outfitters bdg,1
826,lady dj by,2
827,outer,1
828,emma,2
829,6.5' back rise,1
830,tipo,1
831,sub style,6
832,the girlfriend,1
833,wr20et,1
834,exact waist measurement,4
835,actual waist measurement in inches,3
836,fit notes,10
837,actual waist measurement around,22
838,size women’s,18
839,"27"""" waist low rise",1
840,fabric type,16
841,tag sz vs. actual waist measurement,12
842,brand new with tags,1
843,flat width,1
844,clothing type,11
845,country,16
846,product_sku,2
847,leg opening inches,15
848,waist inches,24
849,picture_sku,4
850,99% cotton / 1% spandex,2
851,"12"""" inseam",1
852,gloria vanderbilt sz 18 jeans,1
853,featuring,8
854,line,11
855,mazy,1
856,cuff size,2
857,color info,2
858,measurements approx. laid flat inch,6
859,measurements approx. laid flat cm,6
860,age,8
861,color variation,12
862,front rise nearest half inch,5
863,returnable,1
864,storage product type,1
865,shelf depth in.,1
866,color/finish,1
867,shelf color/finish,1
868,assembly required,1
869,number of shelves,1
870,frame material,1
871,shelf width in.,1
872,shelf material,1
873,shelf height in.,1
874,mount type,1
875,30 lbs./ total weight capacity,1
876,assembled depth in.,1
877,"14"""" flat - rise",1
878,rise top hem-middle crotch,1
879,special features,10
880,color map,4
881,french connection,1
882,fcuk,1
883,womens jeans size 28,1
884,bottom leg cuff opening measures,1
885,measurements in listing,4
886,4 measured,1
887,waist to pant leg hem approximately,1
888,waist measured flat approximately,2
889,front rise approximately,2
890,style year,1
891,us size,15
892,us shoe size youth,15
893,dress shirt size,14
894,us shoe size baby & toddler,14
895,jacket size,16
896,shoe size,14
897,inseam style,3
898,measures,10
899,inventory#,2
900,lien,1
901,thighs,7
902,leg_style,2
903,33,1
904,embellishments,7
905,full hip,3
906,half hip,2
907,factory distressed denim,2
908,tory burch 7 for all mankind 7fam vineya,1
909,paige citizens humanity adriano ag jcrew,1
910,venezia size,1
911,length inches,16
912,hips inches,6
913,ed hardy jeans by christian audigier,1
914,modern fit,5
915,approximate waist measurements,15
916,approximate hips measurements,14
917,actual garment measurements,23
918,4 pockets,2
919,wash best described,1
920,29170,1
921,r010353,1
922,v/000308305,1
923,joe's jeans,25
924,heritage,1
925,style waist,9
926,326923,1
927,17142p,1
928,material percentages,10
929,dark,1
930,cabi color,1
931,rinse,7
932,condition description,8
933,id#,3
934,waist relaxed,1
935,lt/cut #,1
936,waist measured relaxed & flat,1
937,the colette,1
938,materials,16
939,chereen,1
940,finish,2
941,section,2
942,farrah,1
943,inseam measurement laying flat,9
944,office,2
945,"8"""" inseam",3
946,marley,1
947,waist at belt measured laying flat,1
948,length of rise measured from belt to cro,1
949,width of thigh measured laying flat,1
950,width of hem measured laying flat,1
951,measure of hip laid flat,1
952,women's size 14 jeans,1
953,material type,7
954,upc#,2
955,waist measured flat across,2
956,bottoms size women’s,4
957,pants bin,3
958,side slit,4
959,rise 8.5,5
960,warehouse location,6
961,time listed,5
962,light blue,1
963,jeans,13
964,jeggings,5
965,rise 10.5,3
966,p4,3
967,waist closure,4
968,stitching,3
969,ebroidered,3
970,special details,1
971,back pockets,3
972,p5084a,1
973,,4
974,"levis, low rise, womens, jeans",1
975,amazing fabric,2
976,7 for all mankind,12
977,waist measured flat,4
978,true religion brand jeans,2
979,7 for all man kind,1
980,current/elliott,5
981,1 eddie bauer button front &,1
982,made of usa fabric,1
983,eddie bauer authentic back,1
984,#0120-07-1920,1
985,specially dyed,1
986,apple bottom jeans,2
987,fits waist,1
988,enclosure,1
989,activity,7
990,2 measured,1
991,country/region of material,18
992,description 4,13
993,almost famous womens distressed  jeans,2
994,almost famous dressed women jeans size 3,1
995,chicos size,1
996,machine wash,3
997,article,1
998,size & fit,1
999,dungaree,1
1000,lucky brand,1
1001,rider fit relaxed,1
1002,lucky jeans,1
1003,jacquard,3
1004,"rise 10-1/4"""" leg opening",1
1005,item code,3
1006,**rise,3
1007,**waist,3
1008,**hips,3
1009,has stretch?,3
1010,hip measurement lying flat; across,1
1011,waist measured across back; lying flat,1
1012,sizes available,8
1013,measurement - leg opening laying flat,2
1014,measurement - waist laying flat,2
1015,[disclaimer for california residents,1
1016,waist while laying flat,7
1017,cotton blend,4
1018,"33"""" long inseam",1
1019,front rise inches,12
1020,back rise inches,13
1021,pant inseam,1
1022,label info not on ebay list,1
1023,jean size,1
1024,hco,1
1025,size 25,1
1026,size 1,1
1027,euc,2
1028,leg opening/flat/one side,1
1029,waist/flat/one side,1
1030,hips/flat/one side,1
1031,item#,2
1032,14/us,8
1033,wash -,1
1034,wash color,7
1035,application,3
1036,leg opening cuff measured,3
1037,leg hem,1
1038,brands,4
1039,size label,1
1040,size type/largest dimension,10
1041,rise msmt,22
1042,material components,1
1043,rise.,3
1044,sale includes,4
1045,free us shipping & returns?,4
1046,box no,1
1047,length in inches,1
1048,.rise,1
1049,blue tag,4
1050,tag reads,8
1051,french sizing,1
1052,item #.,4
1053,item  #,1
1054,ankle openning,2
1055,leg opening around,1
1056,part number,6
1057,women's blue denim jeans 22 tall,1
1058,item no.,3
1059,bottom leg opening,5
1060,country////////region of manufacture,1
1061,vigoss premium jean sz 9/10,1
1062,inseam our measurement,1
1063,präzises material,2
1064,marke,5
1065,farbe,3
1066,hosengröße,1
1067,rise actual measurement,1
1068,hem,5
1069,inseam  actual measurement,1
1070,flat,2
1071,s/600639 fall 13  sold out,1
1072,make sure it fits,1
1073,ebay seller inventory #,3
1074,leather tab close at top,1
1075,measured cuff,18
1076,73% cotton & 27% polyester,1
1077,super skinny,1
1078,second color,1
1079,style #2,1
1080,style #1,1
1081,secondary color,4
1082,jumper,1
1083,jumpsuit,1
1084,digital zoom,2
1085,denim shorts,1
1086,cropped,2
1087,bin,32
1088,rise lenght,1
1089,price,1
1090,fast & free shipping?,1
1091,length of rise,4
1092,purple + black,1
1093,joe's fit,1
1094,lucky wash name,1
1095,mad in,1
1096,hips laid flat,3
1097,rn 80318,2
1098,cut# oc-19052,1
1099,sec-01,1
1100,style; 7w10898,1
1101,long length,4
1102,fashionably distressed,4
1103,miss me d360 crystal studded jeans,1
1104,miss me jeans,5
1105,leather logo on waistband,4
1106,5 pocket styling,3
1107,designed in usa,9
1108,trouser style,2
1109,size 10 measures 34 x 32,1
1110,subject,2
1111,fly style,2
1112,occassion,13
1113,denim fiber content,1
1114,warranty,2
1115,shipping cost,7
1116,wasit hip inseam,1
1117,gorgeous embroidery,1
1118,please look at all photos,2
1119,fiber content,7
1120,mom,3
1121,27%/spandex,1
1122,intimates & sleep size women's,3
1123,cotton/viscose/polyester/spandex; trim,1
1124,capri pants could also be,1
1125,country////region of manufacture,13
1126,bitten by,1
1127,diane gilman dg2,1
1128,diane gilman hsn,3
1129,waist flat across inches,1
1130,leg ankle opening inches,1
1131,inseam up/down inches,1
1132,hips flat across inches,1
1133,rise up/down inches,1
1134,m - waist,1
1135,lacoste,1
1136,98% cotton 2% lycra,1
1137,outfit,1
1138,po #,2
1139,29.5,1
1140,ankle inseam,1
1141,nydj style,1
1142,length from back of waist band to hem,1
1143,msrp price tag new,1
1144,shippment,1
1145,seller rank,1
1146,return accepted,1
1147,leg opening - 7 3/4 inches,1
1148,out seam,5
1149,gucci size 27,1
1150,gucci size 28,1
1151,light blue denim,1
1152,waist band,1
1153,5 pockets – jeans style,1
1154,98% cotton 2% elastane,1
1155,style u130c055u-055u,1
1156,swarovski crystals back pocket,1
1157,hand crafted,1
1158,outer seam,7
1159,country of origin - components,11
1160,country of origin - assembly,12
1161,pant style,5
1162,r/n,1
1163,waist lying flat across,2
1164,worth women's jeans sz 0,1
1165,wash style,1
1166,assembled in mexico,1
1167,chico's sizing,2
1168,women's jeans,5
1169,the buckle rock revival,2
1170,rock revival jeans,2
1171,buckle denim,2
1172,denim jeans,2
1173,women's rock revival jeans,2
1174,le skinny de jeanne,1
1175,condition flaws,7
1176,waist measurement in inches,7
1177,front pleat type,2
1178,fit type,3
1179,"waist~34"""" will stretch",1
1180,length across wasit,1
1181,length across hip,1
1182,hip measurement approx flat lay inches,5
1183,outseam approx flat lay inches,4
1184,crystals,1
1185,real waist size,3
1186,rise size,5
1187,invoice,2
1188,seller info,2
1189,midsection,2
1190,motivated by,2
1191,#a,1
1192,material blens,1
1193,waist measurements when flat,2
1194,material feel,2
1195,signature bootcut,3
1196,1969,2
1197,signature midrise bootcut,1
1198,cloverdale,1
1199,viewing on a mobile device?,2
1200,flawless 5 pocket,1
1201,skinny boyfriend,1
1202,beige,1
1203,swarovski crystals,1
1204,actual measuremtns,1
1205,approximate inseam,5
1206,uk size,6
1207,6p measured,1
1208,tag wash dark indigo,1
1209,retail date,1
1210,view all photos,16
1211,tag size 25 aligns with misses 0,1
1212,my stock #,11
1213,lying flat,9
1214,sanctuary,1
1215,hampton,3
1216,standard 5-pocket jeans,5
1217,khloe,1
1218,24 bottom,1
1219,"7.5"""" back rise",1
1220,w10,2
1221,serena,1
1222,harlow,1
1223,ankle legging,1
1224,jegging,8
1225,theme style name,1
1226,waist lying flat,3
1227,haywood,1
1228,girlfriend,2
1229,toothpick,1
1230,style1,3
1231,big star vintage collection liv rn,1
1232,about us,1
1233,product location,1
1234,pr & ak shipping,1
1235,handling time,6
1236,shipping 48 lower us states,1
1237,payments,1
1238,p.o. box shipping,4
1239,customer support,4
1240,waist across laying flat,1
1241,it,1
1242,waist measure,8
1243,rise front measure,2
1244,lucky brand dungarees easy rider,1
1245,rise top hem-middle of crotch,2
1246,28”/ sz,1
1247,seller #,1
1248,13/14  waist,1
1249,tag number,1
1250,hip measurement below the zipper,1
1251,measurement all around inside waistrement,1
1252,tad id number,1
1253,material contents,9
1254,measurement length top waist-bottom hem,2
1255,measurement wait-middle of crotch,2
1256,inventory no,8
1257,james jeans,1
1258,italy size,1
1259,br size,1
1260,mex size,2
1261,bottom leg opening width,1
1262,cut 20248,1
1263,16 inches flat rise,1
1264,ag style numbers,2
1265,please view all photos.,3
1266,thigh measurement,1
1267,length / outseam,2
1268,knee measurement,1
1269,izod,1
1270,waist-waist,1
1271,rise measurement approx,3
1272,zipper button,2
1273,assembled product dimensions l x w x h,9
1274,alannia denim jeans,1
1275,measurement was-waist,1
1276,other material,5
1277,color shade,2
1278,straight leg classic,1
1279,print/pattern,1
1280,actual color,1
1281,waist length,4
1282,size and size type,1
1283,condition,9
1284,navy,1
1285,cranberry,1
1286,color of jeans,2
1287,28 measures,1
1288,4/27 waist measures,1
1289,cut  #,1
1290,up to,1
1291,leg openings - flat,1
1292,approximate rise length,1
1293,approximate waist measurement,5
1294,13,1
1295,26 / l,1
1296,package include,1
1297,7fam coh rock revival express republic,1
1298,natalie,2
1299,"waist, when flat & unstretched",1
1300,in inches,1
1301,style type,6
1302,waist measured across,12
1303,total length waist to cuff,5
1304,hand measurements waist,1
1305,hand measurements inseam,1
1306,770088,1
1307,david bitton,1
1308,13” i,1
1309,8215006920,1
1310,across ankle,1
1311,size category,3
1312,waist height.,2
1313,lux stretch leather,1
1314,lux stretch leather style galore,1
1315,material detail-1,6
1316,flowered print,1
1317,"hem 9""""",1
1318,hailey jeans,1
1319,flare jeans,1
1320,distressed.,1
1321,"waist 14 1/2"""" flat",1
1322,ocassion,1
1323,item color,1
1324,"29"""" ...  length",1
1325,stretchy,2
1326,w01,2
1327,actual measured inseam,2
1328,total measured length,1
1329,crotch rise,2
1330,so slimming,2
1331,stella,3
1332,amanda,1
1333,lucky brand dungarees,1
1334,tulsa,1
1335,proverbs 3,6
1336,recommended that pre-owned items be,7
1337,ms&co,6
1338,volstone,1
1339,mfg color/ pattern description,2
1340,product feature 5,1
1341,sex,4
1342,size female,4
1343,the soho jean,2
1344,comp1,1
1345,2%elastane. comp2,1
1346,actual material,5
1347,ship to nevada?,2
1348,waist 15 1/4 inches side-to-side flat,1
1349,sparkle,1
1350,leg opening side to side,2
1351,waist side to side,8
1352,soft stretch denim!,3
1353,back flap pockets,1
1354,original msrp,1
1355,careinstructions,3
1356,product info.,2
1357,jeans size,2
1358,hemline,6
1359,date of creation,3
1360,custom sku,2
1361,compare to deparment store,1
1362,seller's inventory note,5
1363,lined,8
1364,matière,1
1365,taille,1
1366,couleur dominante,1
1367,domestic shipping,1
1368,international shipping,2
1369,30   lenght,1
1370,department store,5
1371,citizens of humanity womens,1
1372,length of inseam,2
1373,casual jeans,1
1374,frances,1
1375,bottomssize women's,1
1376,revolt womens distressed blue jeans size,1
1377,dominant color,1
1378,midrise,4
1379,womens 10 denim jeans,1
1380,skinny,2
1381,ruff hewn skinny destructive hem jeans,1
1382,waist measurement laying flat inches,18
1383,inseam measurment inches,17
1384,front rise measurement inches,16
1385,15,1
1386,cuff opening~laying flat~double#inches,2
1387,hips~laying flat~please double inches,8
1388,seasons,2
1389,leg opening flat,3
1390,seller code,3
1391,rise meaured,1
1392,gold tone button & logo,2
1393,leg cuff,1
1394,location seller purpose only,5
1395,leg opening while lying flat,1
1396,in stores now!!,2
1397,offers accepted?,1
1398,environment,3
1399,brand color,2
1400,juicy couture,1
1401,hips flat across,1
1402,distressed area,2
1403,hips across front,1
1404,flat lay measurements,2
1405,foot opening width,1
1406,edition,2
1407,modele,1
1408,waist measurements flat,6
1409,inseam actual measurement,1
1410,photo source,1
1411,couleur,2
1412,drawstring tie art waist,1
1413,free us shipping &amp; returns?,1
1414,heel height,5
1415,inseam ~,1
1416,hips ~,1
1417,waist ~,1
1418,across bottom hem ~,1
1419,rise ~,1
1420,color tone,1
1421,harmonized system code,19
1422,inventory location,12
1423,card number,1
1424,iitem number,3
1425,leg at bottom,1
1426,the premium denim,3
1427,sell#,3
1428,cotton,3
1429,vintage 90's mom jeans,3
1430,28,3
1431,ripped,2
1432,music festival,1
1433,muse,3
1434,daily,1
1435,character/story/theme,4
1436,design no.,1
1437,29in.,1
1438,25in.,1
1439,rise women's pants,2
1440,details 2,1
1441,ddl,2
1442,ag,4
1443,waist hip inseam,1
1444,name of style,1
1445,labelsize,3
1446,made in the usa,2
1447,dark / color,3
1448,skinny jeans,4
1449,style / cut number,3
1450,hemmed. inseam measures,8
1451,ankle detail,1
1452,add'l materials,1
1453,rn/ca,1
1454,ethnic origin,2
1455,body,1
1456,regular,5
1457,mossy oak,3
1458,hoodie,2
1459,shell,4
1460,elastic. lining,1
1461,sty#,1
1462,small,1
1463,measurement leg opening,5
1464,measurement knee,3
1465,measurement inseam,5
1466,measurement waist,5
1467,notable features,3
1468,guess retro,1
1469,guess jeans,1
1470,inventory bin,3
1471,hot kiss skinny lily 5-pocket jean pants,1
1472,waist - 24 inches,1
1473,athleta,5
1474,more styles,2
1475,length from back waistband to hem,7
1476,artist,1
1477,bin location,7
1478,rn 86017,1
1479,crotch to top of waist band,1
1480,;,1
1481,across the rear in center width,1
1482,back rise from the crotch in back to top,1
1483,studs,1
1484,r/n 17730,1
1485,"belt loops 1 1/2""""",1
1486,"length waist to botton 39""""",1
1487,total length from waist to hem,2
1488,length from back waist band to hem,1
1489,"34""""; length",1
1490,item_width,6
1491,product dimensions,10
1492,item_length,7
1493,option,2
1494,slim boot,2
1495,materal,1
1496,some factory distressing,1
1497,waist 26,1
1498,descripiton 3,1
1499,descripiton 5,1
1500,description 6,2
1501,fray hem,1
1502,medium,6
1503,waist laid flat,1
1504,personalized,3
1505,size 9 waist,1
1506,country of design,1
1507,stock#,6
1508,more detail,1
1509,check out our other items.,6
1510,care instruction,2
1511,12l/uk,1
1512,labeled size,5
1513,actual materials,1
1514,leg opening at end of leg,1
1515,full hip across crotch level,1
1516,half hip across bottom of zipper level,1
1517,front rise crotch to waistband top,1
1518,back rise crotch - back waistband top,1
1519,nos,1
1520,additional info.,2
1521,estilo,4
1522,exact fabric content,5
1523,kind,1
1524,specialty size,1
1525,mother,3
1526,65% cotton; 33% poly,1
1527,"9""""  inseam",1
1528,low rise straight leg stretch jeans,1
1529,levi,1
1530,created by,2
1531,color mapping,6
1532,item location,3
1533,sales tax,3
1534,ak shipping,4
1535,shipping 48 lower states,3
1536,please read actual measured,2
1537,mfg style #,2
1538,inventory  number,2
1539,additional features,2
1540,shelf id #,3
1541,stretch colored denim,1
1542,style #ggxmdl5968,1
1543,tagged color name,1
1544,thick stitching,1
1545,stock #,2
1546,14 front rise,1
1547,10r bottom,1
1548,long & lean,2
1549,2s buttom,1
1550,"8"""" back rise",2
1551,lillie mr jeans,1
1552,legging,2
1553,mia,1
1554,thickness,1
1555,jeans style,2
1556,supply category,1
1557,main source,1
1558,decoration,3
1559,the chelsea,1
1560,quick priority shipping,3
1561,scroll down,3
1562,discount combo ship rate,3
1563,ankle skimmer length,1
1564,please view all photos,2
1565,tagged wash light grey glass,1
1566,soft inner fabric,1
1567,cotton rayon poly spandex stretch denim,1
1568,tagged wash medium indigo,1
1569,"high rise measures 9.5""""",1
1570,wash name vintage blue,1
1571,stretchy denim,1
1572,wash &  wear,3
1573,object type,6
1574,ankle opening width,3
1575,blouse,2
1576,reebok,2
1577,lucky brand dungarees sweet dream jeans rn,1
1578,cleaning & care,2
1579,lady woman teenage casual wear,1
1580,amber,4
1581,sn,2
1582,t-shirt denim jeans big pretty stylish,1
1583,flare size,1
1584,style number on tag,1
1585,measurement rise from top-croth,1
1586,see measurements below,1
1587,bin i,2
1588,bin k,1
1589,pantstyle,2
1590,inseam measured,9
1591,inside material,1
1592,quantity,2
1593,other features,1
1594,attire,3
1595,with,3
1596,across bottom of leg,1
1597,what made of,1
1598,sellers code,2
1599,short,3
1600,guess 1015,1
1601,guess marciano,2
1602,juniors jeans,1
1603,stretch jeans,2
1604,fashion color,5
1605,waist side to side laying flat,2
1606,wasit,3
1607,tag #3,1
1608,measurements waist-waist,1
1609,rise top waist to middle of crotch,1
1610,tag #2,1
1611,waist measurement approx,2
1612,misses,1
1613,true religion,2
1614,juniors,1
1615,style/cut,1
1616,approx. inseams,1
1617,hip  inches,8
1618,leg cuff opening,1
1619,26 waist measures,1
1620,31,2
1621,faux leather,1
1622,true waist,1
1623,cropped opening width,1
1624,alternate sizing,1
1625,dip,2
1626,100% warranty and best service,1
1627,service,1
1628,august,1
1629,measurements  - see photos?,4
1630,inlaid markings,1
1631,802093,1
1632,55006m,1
1633,83151011p,1
1634,best guess,2
1635,heel type,2
1636,153346,1
1637,lil maggie,1
1638,232-15c14274,1
1639,803245,1
1640,344332,1
1641,97% cotton,1
1642,"33"""" front rise",1
1643,upper material,1
1644,denim composition,1
1645,suki surplus,1
1646,waistband,3
1647,jp41608,1
1648,leg open side to side,4
1649,curvy,2
1650,functional flap pockets,2
1651,long jean length,2
1652,d337 women's miss me,1
1653,embellished embroidery pocket detail,2
1654,flap button closure pocket,2
1655,juniors size,1
1656,front rise measured top to crotch,1
1657,rear rise measured top to crotch,1
1658,leg opening in inches,1
1659,550 12s actual,1
1660,slight bulging in the knee,1
1661,stock code,2
1662,compare to department store,2
1663,wash / color,2
1664,true religion special design,1
1665,levi's color / number,1
1666,27 x 34,1
1667,cuffed inseam,3
1668,j brand wash,1
1669,rise-,1
1670,98% cotton 2% spandex lining,1
1671,citizens of humanity,2
1672,seven 7 jeans,1
1673,fc jeans sz 6 light blue skin tight skin,1
1674,charlotte,1
1675,womens  blue jeans size 12,1
1676,womens 1822 denim blue jeans size 12,1
1677,womens  blue jeans size 4,1
1678,womens 1822 denim blue jeans size 4,1
1679,lot no.,1
1680,rise 7.5,1
1681,note!,1
1682,outer-seam,1
1683,distressed jeans,2
1684,slim boot jeans,1
1685,knee straight across inches,1
1686,leg hem straight across flat inches,2
1687,leg opening laying flat~double~inches,1
1688,"women's """"black"""" blue jeans",1
1689,no.,2
1690,beach pants,1
1691,buffalo david bitton,1
1692,cargo fold up,1
1693,peacock feather,1
1694,regular inseam,1
1695,model is wearing a size 14,1
1696,24 ins rolled and 27 ins rolled,1
1697,"19"""" laying flat.",1
1698,double gift,1
1699,2 colors,1
1700,lot of 2,1
1701,88% cotton;11% polyester,1
1702,relaxed-fit,1
1703,quote on inside care label,1
1704,rises,2
1705,exact color,11
1706,20/uk,1
1707,18/us,2
1708,u130061u-061u,1
1709,hipster,1
1710,hippy,2
1711,diamond shaped,1
1712,country chic,1
1713,x's and o's,1
1714,straight bootcut,1
1715,character,7
1716,victoria's secret,1
1717,tagsize,2
1718,women's waist size,1
1719,stretchy fabric,1
1720,hips circumference,2
1721,outer shell material,1
1722,similar to size,3
1723,comfy sculpt fabric,2
1724,true religion women's 27,1
1725,30.5,1
1726,extras,1
1727,height range,11
1728,leg,1
1729,waist 25,1
1730,petite/ plus size,4
1731,bottoms size women,4
1732,also called 2,1
1733,16a jeans,1
1734,juniors 7,1
1735,usa shipping,5
1736,ingrid,1
1737,waist - side to side lying flat,1
1738,style f29aa20,2
1739,31  l,1
1740,"waist 28""""",2
1741,fabric composition,3
1742,straight leg,2
1743,company,3
1744,93% cotton 5% polyester 2% spandex,1
1745,stylen name,1
1746,fit / style,1
1747,item id,1
1748,pokets,1
1749,waist across in inches,2
1750,style name/details,1
1751,made in usa,2
1752,adriano goldschmied,1
1753,designer,10
1754,vintage wash,1
1755,"29""""",1
1756,indigo,1
1757,cabi price,2
1758,cabi name,2
1759,miss me style number,1
1760,true inseam,2
1761,color appearance,1
1762,diesel color,1
1763,leg width at bottom,4
1764,correctupc#,3
1765,looks new!  no signs of wash and wear.,1
1766,26 l,3
1767,joe's jeans style name,1
1768,date listed,9
1769,levis style,1
1770,feature refinements,2
1771,cotton/polyester/rayon; back,2
1772,"32.5""""; long inseam",3
1773,style cut number,1
1774,front,5
1775,bottoms size 2 women's,2
1776,lucky brand easy rider hillside jeans,1
1777,harvey wash,1
1778,mnf. color,1
1779,gems,1
1780,size 24,1
1781,material design,1
1782,skimmers,1
1783,wash type,1
1784,measured outseam,2
1785,flare,3
1786,style # 003-005,1
1787,joe's fit name,1
1788,"rise """"",4
1789,dark blue denim,1
1790,genetic los angeles denim,2
1791,13% rayon,1
1792,29-30 waist with stretch,1
1793,bling around back pockets,1
1794,arizona jean co upc#,2
1795,style 8,1
1796,style 7,1
1797,style 5,1
1798,style 4,1
1799,style 3,1
1800,style 2,4
1801,style 6,1
1802,cello style number,1
1803,uk6/us,1
1804,*rise,2
1805,actual measurements now,1
1806,color code #,2
1807,possible brand,1
1808,waist actual size,5
1809,"25""""  * hip",1
1810,*actual measurements*,2
1811,wash color name,1
1812,it size,1
1813,provocateur,1
1814,skinny leg,1
1815,resort,2
1816,tredici,3
1817,"10""""",1
1818,descripiotn 1,1
1819,pattern.,1
1820,"12""""",1
1821,"11"""" inseam",1
1822,"7.5"""" inseam",2
1823,6 measured,1
1824,cotton elastane stretch denim,1
1825,tagged dark wash,1
1826,retail date fall 2013,1
1827,"higher mid rise is 9""""",1
1828,age range,2
1829,suitable for,4
1830,classic,1
1831,"12"""" front rise",1
1832,size 3 bottom,1
1833,dakota,2
1834,"suki 17""""",1
1835,nico,1
1836,brigitte,1
1837,item weight,2
1838,width at cuff,2
1839,bottom size men's,1
1840,style leg,2
1841,ultimate fit,1
1842,nwt new with tags,1
1843,rise - front,2
1844,wash finish,1
1845,inseam in,1
1846,occasian,1
1847,shelf 1,4
1848,panel,1
1849,shelf,2
1850,waist measurs,1
1851,women's petites,1
1852,petites,1
1853,measurement all around waist,1
1854,pic_sku,1
1855,close feature,1
1856,fasten,1
1857,belt,1
1858,rise measure,5
1859,storage,1
1860,chest,1
1861,bin j,1
1862,straight leg light wash denim jeans,1
1863,4  measured waist size,1
1864,measured inseam size,1
1865,style name /number,1
1866,from fall 2014,1
1867,themes,2
1868,red white and blue,1
1869,stretch capris,1
1870,usa,1
1871,button-fly,1
1872,retro,1
1873,easy rider,1
1874,slimming feature,1
1875,-material,1
1876,blue,5
1877,joes jeans,1
1878,kick,1
1879,modern,1
1880,10,1
1881,anthropologie,3
1882,fitment type,2
1883,7fam coh beija flor cambio orvis duluth,1
1884,9 snaps down outside leg,1
1885,d size,2
1886,mexico size,1
1887,it/esp size,1
1888,fr size,1
1889,other measures,1
1890,hand measures,3
1891,lucky brand jeans women size 6,1
1892,"30.5"""" / capri",1
1893,length top of seam to bottom cuff,1
1894,waist then doubled,1
1895,length down the side seam,6
1896,embroidered & embellished,1
1897,actual measured waist,1
1898,skinny legs,3
1899,wear with hem down or,3
1900,dark green,2
1901,662350-02,1
1902,bwx2843,1
1903,absolutely beautiful jeans,1
1904,mobile device?,4
1905,219260,1
1906,waist approximate - flat lay,1
1907,zankat,2
1908,re,2
1909,moderatly curvy,1
1910,relaxed through hips and thighs,1
1911,black denim,1
1912,sz,2
1913,bundhöhe,1
1914,waschung,1
1915,textilpflege,1
1916,stil,1
1917,inseam meas,1
1918,slogan,1
1919,kate,1
1920,the club,1
1921,8/29 actual,1
1922,original fit,1
1923,button down back pockets,1
1924,length waist to ankle,2
1925,measurements laying flat,1
1926,thigh 19,1
1927,"embroidered """"k"""" left back pocket",1
1928,embellished waist and loops,1
1929,zipper-fly,3
1930,cato logo waist & pocket buttons,1
1931,straight-legs,1
1932,baby/toddler girl clothing type,1
1933,colored teal wrangler jeans,1
1934,brand style #,1
1935,brand cut#,1
1936,texture,1
1937,length size,1
1938,description 5,2
1939,rn no.,2
1940,outseam unrolled,1
1941,inseam unrolled,1
1942,waist around,1
1943,hip around,1
1944,"measured inseam 28""""",1
1945,reverse color,1
1946,invntory,1
1947,comes with,2
1948,itemmpn,1
1949,american eagle,1
1950,ringspun twill,1
1951,2-tru-01,1
1952,aff star rating,1
1953,aff product id,1
1954,7 waistline measures,1
1955,name,5
1956,bottoms size girl's,1
1957,7 for all mankind bootcut womens jeans,1
1958,w285dbf; cut,1
1959,madison,2
1960,46it,1
1961,other color,1
1962,style coding,1
1963,specialty,3
1964,shipping special,2
1965,medium dark wash,1
1966,28 ita,1
1967,18,1
1968,eu size 44,1
1969,women's relaxed fit blue denims,1
1970,bin 10,1
1971,wash care,3
1972,97%; spandex,1
1973,rise #,1
1974,25  ita,1
1975,black with gold accent,1
1976,ralph lauren denim & supply,2
1977,32 tag read 34,1
1978,wgt,1
1979,luxe stretch - super soft stretch denim,1
1980,super slimming,1
1981,new old stock,1
1982,the absolute legging,1
1983,chico's size 2,1
1984,geometric printed design,1
1985,measurement of inseam,1
1986,louise,1
1987,jones new york signature,1
1988,issue date,1
1989,blue color,1
1990,scrub wash,1
1991,pattern solid,1
1992,waist detail,1
1993,lucky brand style name,1
1994,approx,2
1995,exact materials,5
1996,seller note,1
1997,closure style,1
1998,length from back of waist to hem,2
1999,washing instructions,1
2000,zipper or button fly,1
2001,waist size in inches,1
2002,coin pocket,3
2003,stonewashed-blue,1
2004,waist width in,3
2005,length in,3
2006,leg width in,2
2007,embroider,1
2008,embroider back pockets,1
2009,long and lean jeans,1
2010,inseam 31,1
2011,jeans gitano,1
2012,cp,2
2013,"i hand-sewed 1 large and 3  2-3"""" patches inside  the crouch of the jeans where the original hole in them ripped even though they fit me. note",1
2014,great value,2
2015,shipping method,2
2016,security,2
2017,sw,2
2018,tight,2
2019,item ships from,2
2020,customization,1
2021,length from back of waistband to hem,3
2022,authentic icon,1
2023,waist - 28 inches,1
2024,lou,1
2025,loke,2
2026,time period,1
2027,24/us,2
2028,bib to crotch,1
2029,talbots flawless five pocket,1
2030,waist width measured flat,1
2031,12/uk,1
2032,size variations,1
2033,large,1
2034,security micro stitch tape,1
2035,waistband measured flat,1
2036,seller sku,2
2037,original price,3
2038,stryling,4
2039,top rated,5
2040,norma,1
2041,ref,3
2042,bin#15,1
2043,ladies,1
2044,w30 size 44,1
2045,fill material,2
2046,feel,2
2047,michelle,1
2048,rise is 8 inches,1
2049,upc sku,3
2050,color / shade,1
2051,j & company women's jeans 28,1
2052,jeans are more the color of photo #5.,1
2053,28 measured,1
2054,"8.25""""",1
2055,button front,1
2056,"8.5"""" back rise",1
2057,size 9 buttom,1
2058,"15.5"""" back rise",1
2059,14 bottom,1
2060,sabrine,1
2061,312,1
2062,other tag numbers,2
2063,material breakdown,1
2064,"7.5""""",1
2065,jean waist,1
2066,jean color,1
2067,milano boot,1
2068,tommy hilfiger hipster boot rn,1
2069,blue denim,1
2070,bibs,1
2071,slim,1
2072,dungarees,1
2073,"15"""" rise",2
2074,matetrial specifics,2
2075,manufacture style name,4
2076,manufacture style number,2
2077,tagged size 31/12 tall,1
2078,bootcut jeans,2
2079,"25 - waist 13.5"""" flat and rise",1
2080,designer jeans,1
2081,eckored,1
2082,front rise measurement in inches,1
2083,hip measurement in inches,1
2084,bottom leg opening measurement in inches,1
2085,international sizes,1
2086,measurements in cm,1
2087,product details,1
2088,cl #,1
2089,style number / cut / color,1
2090,hem width,1
2091,original inseam before hem,1
2092,origin,3
2093,measureme.co size,2
2094,fty,1
2095,label misses,1
2096,hemmed. length waist to hem,1
2097,"inseam was altered to 31""""",1
2098,"38"""" leg opening",1
2099,waist across very top,1
2100,number in pack,1
2101,listed size,1
2102,secondary material,1
2103,so soft and comfy,1
2104,pers id,2
2105,4501405019,1
2106,gabby,1
2107,thick white stitching,1
2108,159023,1
2109,09498,1
2110,womens 26x31 boot cut jeans,1
2111,re/done jeans,3
2112,fabric care,1
2113,hudson womens midrise collin skinny,1
2114,rock and republic grey white womens jean,1
2115,m.s.r.p.,1
2116,30 1,1
2117,the hugger ankle,1
2118,bold curve,1
2119,waist measured laying flat,1
2120,unit of sale,2
2121,signature collection,1
2122,bust,1
2123,width of leg at knee,1
2124,width of leg at bottom hem,1
2125,width of leg at thigh,1
2126,front rise from top of belt to crotch,1
2127,measure of waist laid flat,2
2128,rear  rise from top of belt to crotch,1
2129,hip measured across laid flat,1
2130,width of hem laid flat,1
2131,width of leg at knee laid flat,1
2132,width of thigh laid flat,1
2133,rise measured belt to crotch,1
2134,style bp188c8jea,1
2135,decorative,1
2136,waist to bottom of pants,1
2137,around bottom of cuff,1
2138,urban khaki,2
2139,bin number,1
2140,rise 10,3
2141,"waist aligned - 36""""  rise - 11""""  inseam",1
2142,lucky size,1
2143,sock size,1
2144,special buy,1
2145,dress up,1
2146,top to bottom,2
2147,boot wide,1
2148,clutch/rise,1
2149,wide leg,2
2150,57% cotton,1
2151,info,1
2152,98% cotton 2% spandex,2
2153,leg opening across bottom hem,2
2154,ashley stewart womens blue jeans sz 20,1
2155,women jeans size 20,1
2156,seller only,2
2157,bottom opening,1
2158,knee opening,1
2159,upper thigh straight across flat inches,3
2160,actual waist straight across,1
2161,"37"""" leg opening",2
2162,4/us,1
2163,mfg style name,1
2164,flat waist,1
2165,2/uk,1
2166,13/14,1
2167,soft super stretch denim,1
2168,occasion lifestyle,1
2169,hosiery size,1
2170,torrid,2
2171,inseam exact measurement,1
2172,waist exact measurement,1
2173,tag size 27,1
2174,shipping international,3
2175,marilyn,1
2176,sexy,1
2177,additional style,2
2178,design details,1
2179,"rinse, treatment",1
2180,stock no,1
2181,waist size inches,1
2182,$40 msrp - new with tag,1
2183,features 4,2
2184,98% cotton and 2% spandex,1
2185,16  inseam,1
2186,these are 99% cotton the good lee jeans,1
2187,kut,1
2188,measurements of rise,1
2189,typo,1
2190,gap,2
2191,at the hips,3
2192,vintage type,2
2193,24  ita,1
2194,rn 109890,1
2195,whiskering,1
2196,hemmed,1
2197,mid-rise,1
2198,high waisted,1
2199,grunge,1
2200,steampunk,2
2201,size 4-6,1
2202,punk,2
2203,zipper front with top button,3
2204,sizing note,1
2205,possibly a,1
2206,*to ensure a proper fit,2
2207,embossed & engraved hardware,1
2208,boot leg,2
2209,dead stock,2
2210,cotton poly,1
2211,silver jeans,3
2212,lael,1
2213,27 33,1
2214,ultra soft denim with stretch,1
2215,slim straight,1
2216,super stretch,2
2217,size 6,1
2218,waist 29,1
2219,hops seam to seam,1
2220,bottom size women's,2
2221,construction,1
2222,leg oppening,2
2223,style#1804,1
2224,rn#63623,1
2225,rise type,1
2226,aka,1
2227,capacity ounces,1
2228,d356 women's miss me jeans,1
2229,"front rise 8""""",1
2230,garment,1
2231,design #,2
2232,special info,1
2233,manufacture,2
2234,rise 28w,1
2235,tl/cut,1
2236,lee style number,1
2237,where,1
2238,viscose; lining,1
2239,waist - flat,3
2240,mpc,3
2241,decorative details,1
2242,inventory status,1
2243,np,1
2244,model stats,1
2245,23,1
2246,thigh laying flat,1
2247,rise laying flat,1
2248,women's capri,1
2249,hip measured,3
2250,wasit band across,1
2251,"6"""" inseam",1
2252,515 boot cut jeans,1
2253,ref style,1
2254,sizes,1
2255,jean type,1
2256,fit details,1
2257,bn,2
2258,designed by,1
2259,drkshdw,1
2260,w170car,1
2261,scrub,1
2262,lucky brand dungarees/jeans lil atlantic,1
2263,availability,1
2264,style # mod,1
2265,shilf #,1
2266,black,3
2267,waist 30 inches,1
2268,waist type,2
2269,made in mexico,1
2270,defect,1
2271,wpl,1
2272,tommy bahama jeans,1
2273,fly front,1
2274,facebook / instagram,1
2275,gg belt,1
2276,mobile users click blue arrow to see ful,1
2277,"9"""" around; rise",1
2278,bottom leg opening measurement,1
2279,waist-backside,1
2280,waist area,1
2281,lap,1
2282,bottoms size,2
2283,29 measured,1
2284,solid saturated black,1
2285,psa841-051; dnm341,1
2286,bundle listing,4
2287,"24"""" cuff",1
2288,"32"""" cuff",1
2289,cut code,1
2290,bottoms size womens's,1
2291,28  l,1
2292,"15"""" front rise",1
2293,bottom size,1
2294,bottom type,1
2295,pattern/print,1
2296,special notes,1
2297,tagged,1
2298,blank nyc,1
2299,colored khaki tan wash,1
2300,pant length waist to hem approx.,1
2301,waist low rise - near hips,1
2302,8 tall~~waist,1
2303,fits hips,1
2304,boot cut jeans,1
2305,boot cut,3
2306,gap premium,1
2307,low rise jeans,1
2308,fadded jeans,1
2309,# of owners,1
2310,"26  waist 14"""" flat - rise",1
2311,color number,2
2312,specific,2
2313,rise top waist band-middle crotch,1
2314,bcbg maxzaria,1
2315,bcbg,1
2316,number & placement of pockets,2
2317,r n number,1
2318,european waist,1
2319,cut style,1
2320,wiast,1
2321,david kahn,1
2322,actual inseam measurement,2
2323,fabric blend,2
2324,surplus,1
2325,thick-stitch,1
2326,front pockets,3
2327,rear pockets,2
2328,coh ag adriano rock revival republic llb,1
2329,rock revival cambio seven for all mankin,1
2330,rock revival republic 7fam coh ag buckle,1
2331,colored,3
2332,approximate leg width,1
2333,garment weight,2
2334,10 waist,1
2335,back pocket design,1
2336,looking for,1
2337,s/649185-01,1
2338,504097,1
2339,2657657400,1
2340,y5313072,1
2341,special color,1
2342,waist measurements laying flat,1
2343,inseam measurements laying flat,1
2344,70s vintage hippie clothes,1
2345,womens bell bottom jeans,1
2346,womens high waisted pats jeans,1
2347,real waist measurement,1
2348,conductor stripe,1
2349,slimming,1
2350,angel,1
2351,jeggging,1
2352,eva,1
2353,360,1
2354,reference code,1
2355,size system,1
2356,exterior condition,1
2357,bottom opening flat,1
2358,odor,1
2359,favorite boyfriend,1
2360,legging jean,1
2361,reinforcement,1
2362,id #,1
2363,product feature 6,1
2364,length from waist,1
2365,alina,1
2366,the legging,1
2367,natsuki,2
2368,petite,1
2369,measure of leg at hem laid flat,1
2370,exact measure of waist at belt,1
2371,front rise measured from beltto crotch,1
2372,vtg tag reads 6 long,1
2373,"length 28""""`",1
2374,leg bottom width,1
2375,lucky style,1
2376,rise 13.5,1
2377,bell bottom width,2
2378,98% cotton,2
2379,size style,1
2380,waist measured at belt laid flat,1
2381,measured from top to bottom hem,1
2382,leg measured at knee laid flat,1
2383,measure of bottom hem laid flat,1
2384,rear rise measured belt to crotch,1
2385,leg width measured at thigh laid flat,1
2386,us,2
2387,womens 1822 denim blue jeans size 6,1
2388,womens  blue jeans size 6,1
2389,skinny crop,1
2390,bke denim,1
2391,lane bryant avenue,1
2392,suggested use,1
2393,model style,1
2394,brand specific cut,1
2395,brand specific wash,1
2396,gtin,1
2397,california,2
2398,jeans type,1
2399,pocket design,1
2400,visit california's website at https,1
2401,style number / season,1
2402,bottom of leg circumference,1
2403,waistband to hem,1
2404,tummy slimming,1
2405,pull-on,1
2406,seller's internal use,1
2407,26/us,1
2408,colletion,1
2409,manufacturer style name,1
2410,seam to seam across waist,1
2411,assembled in dominican republic,1
2412,juniors size 11,1
2413,mesured waist,1
2414,leg openings,2
2415,knees,1
2416,red tab,1
2417,rider measurement,1
2418,other brand name,1
2419,front rise to top waistband,1
2420,back rise to top waistband,1
2421,item_condition,4
2422,ref# 1,1
2423,stytle#,2
2424,manufacturer's style name,2
2425,custom label,1
2426,leg opening zipped in inches,2
2427,waist lying flat in inches,2
2428,length measured from waist,1
2429,leg / ankle opening,2
2430,coating,1
2431,original slimming fit,2
2432,inseam measure,1
2433,features 3,1
2434,features 5,1
2435,full brand name,1
2436,bullet_point3,1
2437,material/fabric-custom,1
2438,material/fabric1,1
2439,bullet_point1,1
2440,bullet_point2,1
2441,bullet_point4,1
2442,bullet_point5,1
2443,amazon item type,1
2444,jeans closure,1
2445,color group,1
2446,enamel & gold tone logo button,1
2447,light / color,1
2448,"27"""" tag size",1
2449,"31"""" tag size",1
2450,p.o box shipping,1
2451,"27""""",1
2452,swan on,2
2453,mom jeans,1
2454,73% cotton 18% polyester,1
2455,rn#115561,1
2456,au8093116a,1
2457,flat measurement,1
2458,d44f women's miss me,1
2459,manufacturer  color,1
2460,size chart,1
2461,type2,1
2462,clothes,1
2463,fastener type,1
2464,mod,1
2465,art,1
2466,actual inseam measuement,1
2467,actual cuff measurement,1
2468,actual rise measurement,1
2469,actual waist side to side measurement,1
2470,24 actual waist,1
2471,rivet studs material,1
2472,cotton; back,2
2473,cuff opening,2
2474,512 slim fit,1
2475,discontinued,1
2476,no longer available in stores,2
2477,sits,2
2478,dye process,1
2479,place of design,1
2480,type of fly,1
2481,low hip crotch level laid flat,1
2482,measure of rise from belt to crotch,1
2483,diamond accent on pockets,1
2484,rhinestones,1
2485,capris,2
2486,platinum denim,1
2487,actualcolor,1
2488,"26"""" waist measures with low rise",1
2489,american eagle outfitter jeans sz 2r,1
2490,strategic fading,1
2491,store id,1
2492,additional size info,1
2493,jr's jeans,1
2494,rock revival by miss me,1
2495,"11.5"""" inseam",1
2496,tummy control,1
2497,rise 7.25,1
2498,"low 7.25""""",1
2499,actual  measurements,1
2500,qvc style number,1
2501,from holiday 2012-winter 2013,1
2502,color name sulphur dye,1
2503,super soft denim,1
2504,27 measured,2
2505,nordstrom rack style#,1
2506,natural fit straight l,1
2507,"6-7"""" back rise",1
2508,size 22 / buttom,1
2509,"15.5"""" front rise",1
2510,size 8 bottom,1
2511,"12"""" back rise",1
2512,crop jean legging,1
2513,real straight,1
2514,sweet n low,1
2515,wrq20au,1
2516,gloria vanderbilt,1
2517,simply vera wang rn,1
2518,"7""""",2
2519,"8.5"""" inseam",1
2520,print/design,1
2521,entire length down the side,1
2522,shelf 3,1
2523,waist/length/hips measurements,3
2524,"28"""" waist",1
2525,wash intensity,1
2526,st,1
2527,dkny jeans,2
2528,29 1/2 measured,1
2529,31 measures,1
2530,est,1
2531,28-3/4,1
2532,ankle opening width - measured flat,1
2533,hips measured flat at zipper base,1
2534,29javascript,1
2535,cotton/polyester/viscose/spandex; embroidery,1
2536,reverse pattern,1
2537,45  us,1
2538,other specific,1
2539,code1,1
2540,boot shaft height,1
2541,fabrication,2
2542,4500577068,1
2543,ij2616,1
2544,11070022,1
2545,2521511209,1
2546,lot of,1
2547,a111,1
2548,multipack quantity,1
2549,banana republic jeans,2
2550,"rise 8""""",1
2551,"waist 15 1/2"""" flat",2
2552,100% suede /// back,1
2553,mpn#,1
2554,"29.5""""    upc",1
2555,frances capri,1
2556,style #604,1
2557,kennedy,1
2558,orange hue,1
2559,old navy,1
2560,liv,1
2561,skinny black jeans,1
2562,bill blass style,1
2563,locator,1
2564,flowers,2
2565,woman's size,1
2566,decorated,1
2567,retro high rise distressed jeans size 4,1
2568,woman jeans size 4,1
2569,by khloé kardashian and emma grede,1
2570,more details,2
2571,seas 9000,1
2572,rise 11,1
2573,upper thigh straight across flatinches,2
2574,boot,1
2575,lenght,2
2576,flap pocket,1
2577,hem straight across flat inches,2
2578,waist circumference,2
2579,length waist to end,1
2580,approximate flat lay measurements,1
2581,limited editon jeans,1
2582,snakeskin print,1
2583,condition1,1
2584,14 waist measures,1
2585,coh wash name,1
2586,wash colour,1
2587,the stevie ankle,1
2588,fabric type/feel,1
2589,leg openings cuff measured,1
2590,misses/junior size,1
2591,classic old school sturdy cotton with stretch,1
2592,othrs,1
2593,peg,1
2594,disco becky jeans,1
2595,cut off jeans,1
2596,"9.5""""",1
2597,29 - ita,1
2598,rare hard to find,1
2599,inseam long,1
2600,bohemian jeans,1
2601,content,2
2602,color2,1
2603,"30""""  hip",1
2604,7w10625 wash,1
2605,classic 5 pocket,1
2606,identifier,1
2607,99%/spandex,1
2608,2013  sold out,1
2609,s/249255 hol 12  sold out,1
2610,size 26 actual waist,1
2611,2l,1
2612,skinny ankle,1
2613,clean slim crop,1
2614,8” i,1
2615,waist;,1
2616,inseam;,1
2617,l,1
2618,29 actual waist,1
2619,"36x31x12"""".  size tag",1
2620,style name / number,1
2621,other fibre. lining,1
2622,sailor,1
2623,tag#,1
2624,elastane. lining,1
2625,cute,1
2626,d49 women's miss me,1
2627,36-13,1
2628,cut date,1
2629,frontrise,1
2630,alternative size,1
2631,patern,1
2632,premium,1
2633,side zip + button,1
2634,geometric / snakeskin print,1
2635,color#,1
2636,cuff measurement,1
2637,boho,1
2638,store sku,1
2639,results,1
2640,style# nm 77d30d2,1
2641,jasper,1
2642,cotton; embroidery,1
2643,"11""""  length",1
2644,34 tag,1
2645,syle name,1
2646,leg opening at hem,1
2647,width at mid-point of leg,1
2648,brand name,1
2649,fabric contents,1
2650,measured leg opening,1
2651,hip pocket embroidery,1
2652,color beige,1
2653,or bling,1
2654,529,1
2655,specifics,2
2656,hollister,1
2657,medium rinse,1
2658,reg sz 8,1
2659,waist band with belt loops,1
2660,5 pocket jeans,1
2661,geometric print,1
2662,model#,1
2663,between a medium to dark indigo wash,1
2664,sold out,2
2665,exact rise measurement,1
2666,white / blue,1
2667,actual material info,1
2668,made in costa rica,1
2669,• 1 pair of jean like leggings <br>  • color,1
2670,specific size on tag,1
2671,1% spandex,1
2672,waist measurement approximate,1
2673,ankle jean,1
2674,skinny fit,1
2675,kasandra,1
2676,"42"""" inseam",1
2677,lane bryant black stretch plus size,1
2678,measurement - hips,1
2679,shorts,1
2680,j brand style#,1
2681,j brand color,1
2682,actual measurementes,1
2683,"rise 10""""",1
2684,pos,1
2685,"capri, cropped",1
2686,straight,1
2687,rise meas,1
2688,style and wash name,1
2689,design name,2
2690,icon,1
2691,harper,1
2692,545,1
2693,"7"""" back rise",1
2694,mid rise jegging,1
2695,crossed at waist,1
2696,bottoms sizewomens,1
2697,cotton/polyester/spandex; decoration,1
2698,vigoss jeans,2
2699,vigoss,2
2700,levis,2
2701,j. crew,1
2702,mid rise jeans,1
2703,марка,1
2704,низ размер  для женщин,1
2705,fits 34 x 29,1
2706,series,1
2707,bottom cuff measurement,1
2708,pocket info,1
2709,long leg lenth,1
2710,d48 women's miss me,1
2711,individual leather feather detail,1
2712,perfect for boots or heels,1
2713,always classic,1
2714,approximate rise measurements,1
2715,stains & tears,1
2716,nicola berti,1
2717,hip appx,1
2718,bell,1
2719,28 reg waist measures,1
2720,chic,1
2721,tapered,1
2722,designer style,1
2723,wasit measurement,1
2724,colr,1
2725,problems & feedback,1
2726,true rise,2
2727,inches of rise,1
2728,regular retail price,1
2729,"30"""" w x 30"""" l -- rise",1
2730,783578-00,1
2731,"27"""" ...  length",1
2732,classic 1970's -1980's style,1
2733,one size,1
2734,"inseam 30""""",1
2735,tag size 24x30,1
2736,"waist flat 14""""",1
2737,women's silver flare jeans suki,1
2738,"hem 8 1/2""""",1
2739,style # 81lqb31,2
2740,unknown,1
2741,torrid sku#,1
2742,across flare,1
2743,style fit,1
2744,waist measures laying flat,1
2745,leg type,2
2746,"11"""" back rise",1
2747,"6.5""""",1
2748,brand line,1
2749,denim wash,1
2750,tomgirl,1
2751,rise to y,1
2752,waist natural dip across,1
2753,hips across flat,1
2754,design on back pocket,1
2755,16 actual,1
2756,p1700,1
2757,"34"""" waist 28",1
2758,"levi's, made and crafted, denim jeans,",1
2759,length waist-to-hem,1
2760,2 front and 1 coin pocket,1
2761,"a 15"""" = diameter 30""""",1
2762,crown front button with world famous,1
2763,"embroidered 2"""" long 3"""" wide",1
2764,11 crown logo studs,1
2765,"rise 11""""",1
2766,5 belt loops,1
2767,13%/spandex,1
2768,hips measurement across bottom of zip,1
2769,rise crotch to button measurement,1
2770,across back,1
2771,outseam measurement,1
2772,"waist 26""""",1
2773,dc3375s-blmdwsh-w34/l32mnfsz,1
2774,**inseam,1
2775,franco,1
2776,product information,1
2777,dkny ......size,1
2778,inv loc,1
2779,rise inches - front,1
2780,levi's style number,1
2781,waist inches/flat unstrectched,1
2782,back pocket embellishement,1
2783,14 slim waist,1
2784,sexy jeans,1
2785,small size,1
2786,18/uk,1
2787,"waist 30"""", inseam 28.5"""", rise 7""""",1
2788,printed dirty look,1
2789,waist to bottom,1
2790,length #2,1
2791,st. john knits collection,1
2792,waist / hip,1
2793,might fit more like,1
2794,leg flare opening,1
2795,"front rise 8.5""""",1
2796,inseam size,1
2797,featurebullet4,1
2798,featurebullet1,1
2799,bottom leg,1
2800,percentage 2,1
2801,percentage,1
2802,small item,1
2803,upper leg,1
2804,27 ita,1
2805,hips measure,1
2806,base,1
2807,velveteen,1
2808,08 5030mbt,1
2809,union,1
2810,bin 2,1
2811,distress,1
2812,shade / color,1
2813,shade name,1
2814,outseam inches,1
2815,lycra,1
2816,style & wash numbers,1
2817,light wash; distressing,1
2818,rise measurement back,1
2819,rise measurement front,1
2820,laurel canyon,1
2821,brown,1
2822,actual measurements approximate,1
2823,gap womens jeans,1
2824,please,1
2825,drop,1
2826,inch rise,1
2827,leg bottom,1
2828,shorts front type,1
2829,skinny jeans stretch fit,1
2830,6/28 hand measured waist,1
2831,29  measured,1
2832,44 actual waist measurement,1
2833,fur type,1
2834,24.5,1
2835,invevntory,1
2836,d351 women's miss me,1
2837,"33 1/2"""" long leg design",1
2838,lining material,1
2839,cotton/spandex; embroidery,1
2840,measurement half knee,1
2841,notable,1
2842,"waist with 1"""" dip",1
2843,pant cuff,1
2844,front rise from the crotch to wais,1
2845,waist width across,1
2846,altered,1
2847,levis curvy,1
2848,rn # 112790,1
2849,slim straight leg cuff width,1
2850,category,2
2851,pocket accent,1
2852,waist x inseam measured,1
2853,the buckle denim,1
2854,buckle bke,1
2855,women's denim jeans,1
2856,women's buckle bke jeans,1
2857,embellished,1
2858,women's clothing,1
2859,thigh circumference,1
2860,item note,1
2861,nikki,1
2862,other size type,1
2863,bin#,1
2864,26/31. actual measure,1
2865,socialite,1
2866,rugby,1
2867,actual measuremnts,1
2868,we love to  combine shipping,1
2869,"rise 11.5""""",1
2870,size 6 bottom,1
2871,"10"""" back rise",1
2872,lululemon,1
2873,demi curve,1
2874,q-baby,1
2875,"13.5"""" front rise",1
2876,4 bottom,1
2877,style 7799wax1280,1
2878,ag style / line,1
2879,top of thigh,1
2880,outseam side of leg,1
2881,platinum denim pants,1
2882,gold studded,1
2883,neiman marcus exclusive,1
2884,organic cotton,1
2885,type of material,2
2886,fabric style,1
2887,extreme legging,1
2888,keywords 1,1
2889,hair color,1
2890,outseam length,1
2891,flat waist measurement,1
2892,youth 14,1
2893,carpi,1
2894,banana republic,1
2895,outside leg,1
2896,material 3,2
2897,jeans quality,1
2898,great northwest indigo,1
2899,waist 36 inseam,1
2900,seven for mankind,1
2901,lyocell cotton elastane,1
2902,style 1394181; wash wa913,1
2903,"hips 8"""" below waistband top",1
2904,dark solid saturated indigo,1
2905,"36"""" leg opening",1
2906,"9.75"""" thigh",1
2907,"29"""" foot opening",1
2908,waist band design,1
2909,leg hem opening,1
2910,tina,1
2911,inventory no.,1
2912,waist - actual measurement,1
2913,qvcprice,1
2914,"waist across, lying flat",1
2915,bebe women's white jeans 25,1
2916,27 l,1
2917,sold out available here!!,1
2918,secretly slender,1
2919,true religion waist button,1
2920,stonewashed-blue denim,1
2921,factory-twisted leg seams,1
2922,button back pockets,1
2923,across the waist,1
2924,• 2 pairs of jean like leggings <br>  • includes,1
2925,trim,1
2926,length.,1
2927,leg opening.,1
2928,inseam length.,1
2929,waist.,1
2930,style-90,1
2931,in seam,1
2932,originally purchased at,1
2933,true inseam measurement,1
2934,dark blue dk,1
2935,8/uk,1
2936,waistt,1
2937,dark wash jeans,1
2938,dark wash denim,1
2939,as per the tag,1
2940,subcategory,1
2941,capri,1
2942,rn41381,1
2943,liz claiborne 'classic fit' jeans,1
2944,018041404,1
2945,02/17,1
2946,straight leg cuff width,1
2947,hi-rise jegging,1
2948,small distressed hole located by lower,1
2949,leg openings / hemline / cuffs,1
2950,daytrip,1
2951,17% polyester,1
2952,styling,1
2953,joe's,1
2954,the sweet heart jeans,1
2955,old navy womens size 0,1
2956,collectible,1
